frame,elapsed_s,fps,latency_ms,buffer_len
1,0.0298,33.52,6.157,1
2,0.1274,15.7,2.354,2
3,0.1393,21.54,1.706,3
4,0.1497,26.73,1.705,4
5,0.1601,31.23,2.271,5
6,0.1715,34.98,2.005,6
7,0.1824,38.38,2.013,7
8,0.1919,41.69,1.895,8
9,0.2023,44.48,1.655,9
10,0.2128,46.99,1.942,10
11,0.2232,49.28,2.194,11
12,0.2334,51.41,1.908,12
13,0.2436,53.36,3.08,13
14,0.2537,55.17,2.325,14
15,0.2636,56.91,2.016,15
16,0.2723,58.77,1.792,16
17,0.2821,60.27,1.653,17
18,0.2913,61.8,1.884,18
19,0.3004,63.25,1.584,19
20,0.3101,64.5,1.71,20
21,0.3203,65.56,2.425,20
22,0.3325,66.16,2.399,20
23,0.3451,66.66,2.568,20
24,0.3554,67.54,3.088,20
25,0.3652,68.45,1.952,20
26,0.3746,69.41,2.133,20
27,0.3861,69.94,2.322,20
28,0.3972,70.49,2.244,20
29,0.4076,71.14,2.297,20
30,0.4173,71.89,2.049,20
31,0.428,72.44,1.99,20
32,0.4382,73.02,2.613,20
33,0.4477,73.7,2.086,20
34,0.4577,74.29,2.437,20
35,0.4669,74.96,2.157,20
36,0.4795,75.07,2.702,20
37,0.489,75.67,2.058,20
38,0.5004,75.94,1.866,20
39,0.51,76.47,2.141,20
40,0.5191,77.05,2.189,20
41,0.5285,77.58,1.764,20
42,0.5373,78.17,2.035,20
43,0.5467,78.65,2.165,20
44,0.556,79.14,2.78,20
45,0.5664,79.45,2.873,20
46,0.5758,79.89,2.733,20
47,0.5847,80.39,2.166,20
48,0.5951,80.65,2.939,20
49,0.604,81.12,2.035,20
50,0.6137,81.47,1.945,20
51,0.623,81.87,1.925,20
52,0.6325,82.21,1.768,20
53,0.6422,82.53,2.343,20
54,0.6518,82.85,2.03,20
55,0.6616,83.13,1.962,20
56,0.6718,83.36,2.341,20
57,0.6827,83.49,2.518,20
58,0.6936,83.62,2.582,20
59,0.7037,83.84,2.293,20
60,0.7156,83.84,2.732,20
61,0.7287,83.71,2.728,20
62,0.742,83.56,2.93,20
63,0.7554,83.4,2.901,20
64,0.7714,82.97,4.115,20
65,0.7844,82.86,2.698,20
66,0.7953,82.99,2.95,20
67,0.8046,83.27,2.075,20
68,0.8151,83.43,2.212,20
69,0.8242,83.72,1.979,20
70,0.8346,83.87,2.649,20
71,0.8449,84.04,2.225,20
72,0.8544,84.27,2.067,20
73,0.8641,84.48,1.928,20
74,0.8736,84.71,2.108,20
75,0.8842,84.82,2.045,20
76,0.8951,84.91,2.181,20
77,0.9043,85.15,2.006,20
78,0.914,85.34,2.035,20
79,0.9227,85.61,2.021,20
80,0.9324,85.8,2.069,20
81,0.9418,86.0,2.38,20
82,0.9507,86.25,2.024,20
83,0.9608,86.39,2.266,20
84,0.9696,86.64,2.066,20
85,0.9793,86.8,2.1,20
86,0.9882,87.03,2.27,20
87,0.9977,87.2,2.134,20
88,1.0078,87.32,2.428,20
89,1.0178,87.44,2.118,20
90,1.0295,87.42,2.484,20
91,1.0385,87.62,2.061,20
92,1.0482,87.77,2.049,20
93,1.0576,87.93,2.501,20
94,1.0672,88.08,2.286,20
95,1.0778,88.14,2.051,20
96,1.0893,88.13,2.719,20
97,1.0997,88.21,2.39,20
98,1.1112,88.2,2.652,20
99,1.1234,88.12,2.172,20
100,1.1357,88.05,2.105,20
101,1.1478,87.99,2.272,20
102,1.1592,87.99,2.184,20
103,1.173,87.81,2.237,20
104,1.1855,87.72,2.064,20
105,1.1994,87.54,2.472,20
106,1.2095,87.64,2.296,20
107,1.2207,87.66,1.973,20
108,1.234,87.52,2.289,20
109,1.2452,87.53,1.965,20
110,1.2568,87.53,1.957,20
111,1.2704,87.38,2.093,20
112,1.2815,87.39,1.843,20
113,1.2926,87.42,1.979,20
114,1.3048,87.37,2.633,20
115,1.3149,87.46,1.863,20
116,1.3243,87.6,1.988,20
117,1.3332,87.76,1.87,20
118,1.343,87.86,2.895,20
119,1.3563,87.74,2.936,20
120,1.3699,87.6,2.929,20
121,1.3832,87.48,2.821,20
122,1.3981,87.26,2.873,20
123,1.4144,86.96,4.182,20
124,1.4328,86.54,3.05,20
125,1.4514,86.13,5.095,20
126,1.4741,85.47,3.909,20
127,1.4932,85.05,3.917,20
128,1.5128,84.61,3.91,20
129,1.5327,84.16,3.497,20
130,1.5509,83.82,3.089,20
131,1.5648,83.72,2.672,20
132,1.5749,83.82,2.549,20
133,1.5841,83.96,2.016,20
134,1.5954,83.99,2.287,20
135,1.6045,84.14,1.985,20
136,1.6144,84.24,2.035,20
137,1.6251,84.3,2.262,20
138,1.6354,84.38,2.281,20
139,1.6455,84.47,2.152,20
140,1.6556,84.56,2.427,20
141,1.666,84.63,2.251,20
142,1.6758,84.74,2.341,20
143,1.6849,84.87,2.005,20
144,1.6952,84.94,2.012,20
145,1.7057,85.01,3.017,20
146,1.7158,85.09,2.057,20
147,1.7256,85.19,2.244,20
148,1.7361,85.25,2.042,20
149,1.7484,85.22,2.53,20
150,1.7578,85.33,1.873,20
151,1.7673,85.44,2.16,20
152,1.7774,85.52,2.474,20
153,1.7868,85.63,2.156,20
154,1.7963,85.73,2.154,20
155,1.8049,85.88,1.998,20
156,1.8144,85.98,2.031,20
157,1.8234,86.1,2.211,20
158,1.833,86.2,2.113,20
159,1.8427,86.28,3.004,20
160,1.8517,86.41,2.132,20
161,1.8617,86.48,2.156,20
162,1.8705,86.61,2.002,20
163,1.8795,86.73,2.085,20
164,1.8887,86.83,2.529,20
165,1.9005,86.82,2.989,20
166,1.91,86.91,2.244,20
167,1.9188,87.03,2.0,20
168,1.9288,87.1,2.199,20
169,1.9375,87.22,2.055,20
170,1.948,87.27,2.802,20
171,1.957,87.38,2.298,20
172,1.9662,87.48,2.159,20
173,1.9754,87.58,2.574,20
174,1.9843,87.69,2.166,20
175,1.9937,87.77,2.082,20
176,2.0039,87.83,1.998,20
177,2.0131,87.92,2.231,20
178,2.0218,88.04,2.012,20
179,2.032,88.09,2.139,20
180,2.0413,88.18,2.109,20
181,2.0503,88.28,2.058,20
182,2.0607,88.32,2.609,20
183,2.0696,88.42,1.939,20
184,2.079,88.5,2.043,20
185,2.0898,88.53,2.834,20
186,2.1002,88.56,2.206,20
187,2.11,88.63,2.697,20
188,2.1201,88.67,2.034,20
189,2.131,88.69,2.136,20
190,2.1409,88.75,2.274,20
191,2.1498,88.85,2.09,20
192,2.1588,88.94,2.448,20
193,2.1679,89.03,1.898,20
194,2.1774,89.1,1.906,20
195,2.1865,89.18,1.929,20
196,2.1959,89.26,1.96,20
197,2.2043,89.37,2.027,20
198,2.2144,89.41,2.179,20
199,2.224,89.48,2.36,20
200,2.2345,89.51,2.1,20
201,2.2445,89.55,2.417,20
202,2.2533,89.65,2.02,20
203,2.263,89.7,2.104,20
204,2.2724,89.77,2.098,20
205,2.2815,89.85,2.043,20
206,2.2907,89.93,2.435,20
207,2.2997,90.01,1.766,20
208,2.3086,90.1,2.036,20
209,2.3182,90.16,2.592,20
210,2.3291,90.17,2.664,20
211,2.3388,90.22,2.127,20
212,2.3484,90.27,2.033,20
213,2.3576,90.35,1.936,20
214,2.367,90.41,1.931,20
215,2.3764,90.47,1.94,20
216,2.3859,90.53,2.133,20
217,2.396,90.57,2.236,20
218,2.4047,90.65,2.066,20
219,2.4143,90.71,2.137,20
220,2.4233,90.79,2.191,20
221,2.4325,90.85,2.051,20
222,2.4414,90.93,2.22,20
223,2.4504,91.01,2.031,20
224,2.4605,91.04,2.226,20
225,2.4692,91.12,2.044,20
226,2.4791,91.16,2.351,20
227,2.4878,91.24,2.012,20
228,2.4971,91.3,2.037,20
229,2.5073,91.33,2.678,20
230,2.5169,91.38,2.095,20
231,2.5264,91.44,2.115,20
232,2.5352,91.51,1.973,20
233,2.5453,91.54,2.067,20
234,2.554,91.62,2.06,20
235,2.5635,91.67,2.143,20
236,2.5723,91.75,1.965,20
237,2.5817,91.8,1.916,20
238,2.5912,91.85,1.935,20
239,2.6009,91.89,2.122,20
240,2.6142,91.81,2.963,20
241,2.6234,91.86,2.185,20
242,2.6326,91.93,2.259,20
243,2.6415,91.99,2.097,20
244,2.6507,92.05,2.12,20
245,2.6603,92.1,2.339,20
246,2.6698,92.14,2.024,20
247,2.6797,92.17,2.227,20
248,2.6886,92.24,2.079,20
249,2.6982,92.28,2.02,20
250,2.7078,92.32,2.275,20
251,2.7171,92.38,2.075,20
252,2.7265,92.42,2.163,20
253,2.7353,92.5,2.006,20
254,2.7458,92.5,2.003,20
255,2.7554,92.55,1.979,20
256,2.7658,92.56,2.988,20
257,2.7756,92.59,2.826,20
258,2.7848,92.65,1.957,20
259,2.7945,92.68,2.075,20
260,2.8041,92.72,2.309,20
261,2.8157,92.7,2.536,20
262,2.8256,92.72,2.816,20
263,2.8349,92.77,1.972,20
264,2.8454,92.78,2.063,20
265,2.8547,92.83,2.37,20
266,2.8642,92.87,2.04,20
267,2.8743,92.89,2.302,20
268,2.8838,92.93,1.843,20
269,2.8944,92.94,2.021,20
270,2.9042,92.97,2.379,20
271,2.9157,92.95,2.138,20
272,2.9246,93.0,2.187,20
273,2.9353,93.01,2.808,20
274,2.9444,93.06,1.93,20
275,2.9535,93.11,1.918,20
276,2.9626,93.16,1.996,20
277,2.9717,93.21,2.336,20
278,2.981,93.26,2.018,20
279,2.9898,93.32,2.096,20
280,2.9994,93.35,2.026,20
281,3.0081,93.41,2.218,20
282,3.018,93.44,2.074,20
283,3.0287,93.44,2.413,20
284,3.0374,93.5,2.054,20
285,3.0473,93.53,2.025,20
286,3.056,93.58,2.027,20
287,3.0659,93.61,2.191,20
288,3.0747,93.67,2.42,20
289,3.0849,93.68,2.794,20
290,3.0959,93.67,1.952,20
291,3.105,93.72,1.904,20
292,3.1145,93.75,1.918,20
293,3.1246,93.77,2.692,20
294,3.1352,93.77,2.54,20
295,3.1447,93.81,2.067,20
296,3.1542,93.84,2.255,20
297,3.1653,93.83,3.055,20
298,3.1753,93.85,2.575,20
299,3.1839,93.91,2.021,20
300,3.1929,93.96,2.014,20
301,3.2018,94.01,2.035,20
302,3.2113,94.04,1.934,20
303,3.2205,94.08,1.84,20
304,3.2302,94.11,2.041,20
305,3.2394,94.15,1.835,20
306,3.2491,94.18,1.654,20
307,3.2581,94.23,2.122,20
308,3.2679,94.25,2.2,20
309,3.2774,94.28,2.228,20
310,3.2861,94.34,2.023,20
311,3.2954,94.37,2.024,20
312,3.3041,94.43,1.998,20
313,3.3132,94.47,1.682,20
314,3.3221,94.52,2.035,20
315,3.3319,94.54,2.04,20
316,3.3409,94.58,2.276,20
317,3.353,94.54,2.017,20
318,3.3634,94.55,2.47,20
319,3.372,94.6,2.003,20
320,3.3814,94.64,1.911,20
321,3.3909,94.67,2.314,20
322,3.3999,94.71,2.01,20
323,3.4097,94.73,2.198,20
324,3.4191,94.76,2.022,20
325,3.4293,94.77,2.143,20
326,3.4388,94.8,2.184,20
327,3.448,94.84,2.142,20
328,3.4569,94.88,2.166,20
329,3.467,94.9,2.273,20
330,3.4759,94.94,2.098,20
331,3.4854,94.97,2.689,20
332,3.495,94.99,2.105,20
333,3.5035,95.05,2.02,20
334,3.5126,95.09,2.045,20
335,3.5214,95.13,2.001,20
336,3.5309,95.16,2.154,20
337,3.5401,95.2,2.237,20
338,3.549,95.24,2.018,20
339,3.558,95.28,2.185,20
340,3.5687,95.27,2.066,20
341,3.5798,95.26,2.234,20
342,3.5902,95.26,2.982,20
343,3.5997,95.29,2.078,20
344,3.6092,95.31,2.118,20
345,3.6185,95.34,2.01,20
346,3.6282,95.36,1.949,20
347,3.6388,95.36,2.681,20
348,3.6505,95.33,2.774,20
349,3.6656,95.21,3.461,20
350,3.6797,95.12,3.204,20
351,3.6903,95.11,2.693,20
352,3.6998,95.14,2.014,20
353,3.7093,95.17,2.8,20
354,3.7182,95.21,2.048,20
355,3.729,95.2,2.813,20
356,3.7385,95.23,2.79,20
357,3.748,95.25,2.195,20
358,3.7574,95.28,2.262,20
359,3.7673,95.29,2.197,20
360,3.7769,95.32,2.185,20
361,3.7858,95.36,2.125,20
362,3.7953,95.38,2.04,20
363,3.8042,95.42,2.058,20
364,3.814,95.44,2.043,20
365,3.8229,95.48,2.024,20
366,3.8326,95.5,2.2,20
367,3.8413,95.54,2.088,20
368,3.8507,95.57,2.321,20
369,3.8596,95.61,2.026,20
370,3.8682,95.65,2.031,20
371,3.8777,95.67,2.082,20
372,3.8866,95.71,2.039,20
373,3.8958,95.74,2.09,20
374,3.9046,95.78,2.15,20
375,3.9147,95.79,2.334,20
376,3.924,95.82,2.374,20
377,3.9329,95.86,2.03,20
378,3.9426,95.87,2.15,20
379,3.9519,95.9,2.029,20
380,3.9612,95.93,2.05,20
381,3.9701,95.97,1.781,20
382,3.9802,95.97,2.248,20
383,3.9898,96.0,3.056,20
384,3.9987,96.03,2.152,20
385,4.0077,96.07,2.321,20
386,4.0165,96.1,2.081,20
387,4.0258,96.13,2.301,20
388,4.0344,96.17,2.055,20
389,4.044,96.19,2.106,20
390,4.0527,96.23,2.018,20
391,4.062,96.26,1.925,20
392,4.0711,96.29,1.832,20
393,4.0807,96.31,2.245,20
394,4.0911,96.31,2.559,20
395,4.1011,96.32,2.218,20
396,4.1102,96.34,2.06,20
397,4.1191,96.38,2.023,20
398,4.129,96.39,2.219,20
399,4.1378,96.43,2.023,20
400,4.148,96.43,2.838,20
401,4.1577,96.45,2.933,20
402,4.1684,96.44,2.839,20
403,4.1789,96.44,2.811,20
404,4.1883,96.46,2.606,20
405,4.1988,96.46,2.316,20
406,4.2077,96.49,2.177,20
407,4.2176,96.5,2.003,20
408,4.2272,96.52,1.912,20
409,4.2362,96.55,1.912,20
410,4.2454,96.57,1.929,20
411,4.2551,96.59,2.093,20
412,4.2651,96.6,2.172,20
413,4.2762,96.58,2.132,20
414,4.2881,96.55,2.36,20
415,4.2984,96.55,2.254,20
416,4.3075,96.57,1.919,20
417,4.3174,96.59,2.046,20
418,4.3288,96.56,3.147,20
419,4.3386,96.57,1.98,20
420,4.3483,96.59,1.963,20
421,4.3583,96.6,2.279,20
422,4.3702,96.56,2.478,20
423,4.3795,96.59,2.049,20
424,4.3897,96.59,2.11,20
425,4.3996,96.6,3.065,20
426,4.4092,96.62,2.82,20
427,4.4186,96.64,1.925,20
428,4.4286,96.65,2.158,20
429,4.4372,96.68,2.005,20
430,4.4479,96.68,2.227,20
431,4.4567,96.71,2.273,20
432,4.4665,96.72,2.229,20
433,4.4757,96.74,2.307,20
434,4.4848,96.77,2.14,20
435,4.4946,96.78,2.022,20
436,4.5043,96.8,2.043,20
437,4.5134,96.82,2.033,20
438,4.5221,96.86,2.059,20
439,4.5312,96.88,2.051,20
440,4.5392,96.93,1.633,20
441,4.5483,96.96,1.824,20
442,4.5574,96.99,2.094,20
443,4.5668,97.0,2.476,20
444,4.5759,97.03,2.513,20
445,4.5851,97.05,2.386,20
446,4.5952,97.06,2.052,20
